variable,general,5%_med_ageE,5%_bachelor_degree_25E,5%_med_hh_incomeE,5%_whiteE,5%_blackE,5%_asianE,5%_hispanicE
H_Area_of_store,4.168637726019773,3.750359476765222,2.8479473572447054,3.0709508731745063,3.7325381044042065,5.118751591554469,3.973023723750047,5.371338438780761
R_Percentage_of_Visits_by_brand,6.475575041345208,6.564186117370866,8.152998545488531,8.18604617637674,6.70948760424571,7.280251190062121,4.98315610514028,5.8700258335784925
J_POI_count_where_store_is,3.8386435674389796,4.022296632230701,4.117469594575103,4.25760737111083,4.224861760570524,3.647330945691848,4.338987105851308,3.81624631661146
K_POI_diversity_where_store_is,6.728558110161126,7.483512849707267,7.543999021609491,7.6559691885898875,7.356186199454487,5.506829269268141,7.169570076721887,6.364162227115805
L_Demographic_similarity,7.895705263146642,8.316776831237195,8.288957327566155,8.337353386739622,7.81579165159253,7.760201383051108,8.222181754429078,7.899172771404169
G_Distance_between_cbg_and_store,10.588399207233396,10.251865478316459,10.596615160532574,10.472151738499461,9.983217747975855,10.791247845065191,10.35834175472488,11.001059198701347
